{
"meta":{"test_sets":[],"test_metrics":[],"learn_metrics":[{"best_value":"Min","name":"Logloss"}],"launch_mode":"Train","parameters":"","iteration_count":672,"learn_sets":["learn"],"name":"experiment"},
"iterations":[
{"learn":[0.6800915333],"iteration":0,"passed_time":0.3576069719,"remaining_time":239.9542782},
{"learn":[0.668260145],"iteration":1,"passed_time":0.4625762894,"remaining_time":154.9630569},
{"learn":[0.6582073011],"iteration":2,"passed_time":0.5886988215,"remaining_time":131.2798372},
{"learn":[0.6510387147],"iteration":3,"passed_time":0.7144496262,"remaining_time":119.3130876},
{"learn":[0.6446586642],"iteration":4,"passed_time":0.8217514006,"remaining_time":109.6216368},
{"learn":[0.6397391542],"iteration":5,"passed_time":0.9121537022,"remaining_time":101.2490609},
{"learn":[0.6357715437],"iteration":6,"passed_time":1.019778247,"remaining_time":96.87893344},
{"learn":[0.6321595412],"iteration":7,"passed_time":1.120307199,"remaining_time":92.98549752},
{"learn":[0.6293994364],"iteration":8,"passed_time":1.233686626,"remaining_time":90.88158146},
{"learn":[0.6259091991],"iteration":9,"passed_time":1.334473965,"remaining_time":88.34217647},
{"learn":[0.6235679724],"iteration":10,"passed_time":1.424992128,"remaining_time":85.62907242},
{"learn":[0.6217857548],"iteration":11,"passed_time":1.530630583,"remaining_time":84.18468206},
{"learn":[0.6204729672],"iteration":12,"passed_time":1.637020024,"remaining_time":82.98432277},
{"learn":[0.6192959947],"iteration":13,"passed_time":1.756718075,"remaining_time":82.56574954},
{"learn":[0.6182794934],"iteration":14,"passed_time":1.887998252,"remaining_time":82.69432342},
{"learn":[0.6174510579],"iteration":15,"passed_time":1.996477504,"remaining_time":81.85557768},
{"learn":[0.6162722947],"iteration":16,"passed_time":2.084840781,"remaining_time":80.3276889},
{"learn":[0.6156418885],"iteration":17,"passed_time":2.170412176,"remaining_time":78.85830907},
{"learn":[0.6149994527],"iteration":18,"passed_time":2.27596008,"remaining_time":78.22115434},
{"learn":[0.6143924629],"iteration":19,"passed_time":2.370936083,"remaining_time":77.29251632},
{"learn":[0.6139056314],"iteration":20,"passed_time":2.493396621,"remaining_time":77.29529527},
{"learn":[0.6133917562],"iteration":21,"passed_time":2.570821735,"remaining_time":75.95609671},
{"learn":[0.6128650249],"iteration":22,"passed_time":2.650371956,"remaining_time":74.78658258},
{"learn":[0.6123941257],"iteration":23,"passed_time":2.733264117,"remaining_time":73.79813115},
{"learn":[0.6120441653],"iteration":24,"passed_time":2.81913939,"remaining_time":72.95932741},
{"learn":[0.6117522868],"iteration":25,"passed_time":2.900118151,"remaining_time":72.05678176},
{"learn":[0.6112281727],"iteration":26,"passed_time":2.990528083,"remaining_time":71.44039309},
{"learn":[0.610899333],"iteration":27,"passed_time":3.104471542,"remaining_time":71.40284548},
{"learn":[0.6104888573],"iteration":28,"passed_time":3.210036055,"remaining_time":71.17424769},
{"learn":[0.610284951],"iteration":29,"passed_time":3.295791578,"remaining_time":70.52993978},
{"learn":[0.6100759481],"iteration":30,"passed_time":3.363483317,"remaining_time":69.54815504},
{"learn":[0.6097960533],"iteration":31,"passed_time":3.453653615,"remaining_time":69.0730723},
{"learn":[0.6095207958],"iteration":32,"passed_time":3.545093621,"remaining_time":68.64590375},
{"learn":[0.609313905],"iteration":33,"passed_time":3.626971594,"remaining_time":68.05905521},
{"learn":[0.6090625231],"iteration":34,"passed_time":3.725914877,"remaining_time":67.81165077},
{"learn":[0.608737081],"iteration":35,"passed_time":3.817626015,"remaining_time":67.44472626},
{"learn":[0.6085879048],"iteration":36,"passed_time":3.920790245,"remaining_time":67.28923798},
{"learn":[0.6083855136],"iteration":37,"passed_time":4.03922719,"remaining_time":67.39131681},
{"learn":[0.6082068603],"iteration":38,"passed_time":4.13092917,"remaining_time":67.04815806},
{"learn":[0.6079484993],"iteration":39,"passed_time":4.219101093,"remaining_time":66.66179727},
{"learn":[0.6077276506],"iteration":40,"passed_time":4.305221511,"remaining_time":66.25840912},
{"learn":[0.6075058835],"iteration":41,"passed_time":4.401660283,"remaining_time":66.02490425},
{"learn":[0.6073737874],"iteration":42,"passed_time":4.503616438,"remaining_time":65.87848232},
{"learn":[0.607182829],"iteration":43,"passed_time":4.595072737,"remaining_time":65.58421997},
{"learn":[0.6068856703],"iteration":44,"passed_time":4.694765297,"remaining_time":65.41372981},
{"learn":[0.606756421],"iteration":45,"passed_time":4.783421228,"remaining_time":65.09612367},
{"learn":[0.6065498975],"iteration":46,"passed_time":4.894935943,"remaining_time":65.09223329},
{"learn":[0.6064567829],"iteration":47,"passed_time":4.990383985,"remaining_time":64.8749918},
{"learn":[0.6061161431],"iteration":48,"passed_time":5.083998387,"remaining_time":64.63940806},
{"learn":[0.6060243141],"iteration":49,"passed_time":5.17824411,"remaining_time":64.41735673},
{"learn":[0.6058748624],"iteration":50,"passed_time":5.27551973,"remaining_time":64.23721083},
{"learn":[0.6057014433],"iteration":51,"passed_time":5.387161213,"remaining_time":64.23153755},
{"learn":[0.6054726054],"iteration":52,"passed_time":5.4703713,"remaining_time":63.8898082},
{"learn":[0.6054009788],"iteration":53,"passed_time":5.579942245,"remaining_time":63.85933902},
{"learn":[0.6052510679],"iteration":54,"passed_time":5.704564674,"remaining_time":63.9948437},
{"learn":[0.6051962],"iteration":55,"passed_time":5.800553551,"remaining_time":63.80608907},
{"learn":[0.604999135],"iteration":56,"passed_time":5.908468231,"remaining_time":63.74926249},
{"learn":[0.6048639167],"iteration":57,"passed_time":6.010593809,"remaining_time":63.62938964},
{"learn":[0.6048121252],"iteration":58,"passed_time":6.12612135,"remaining_time":63.6493625},
{"learn":[0.6046657956],"iteration":59,"passed_time":6.226401024,"remaining_time":63.50929045},
{"learn":[0.6045579425],"iteration":60,"passed_time":6.294543404,"remaining_time":63.04862327},
{"learn":[0.60446368],"iteration":61,"passed_time":6.388437174,"remaining_time":62.85397865},
{"learn":[0.6042818585],"iteration":62,"passed_time":6.467984459,"remaining_time":62.52384977},
{"learn":[0.6040300174],"iteration":63,"passed_time":6.573396621,"remaining_time":62.4472679},
{"learn":[0.6039151393],"iteration":64,"passed_time":6.670485253,"remaining_time":62.29206998},
{"learn":[0.6038117858],"iteration":65,"passed_time":6.788399424,"remaining_time":62.32984926},
{"learn":[0.6037546222],"iteration":66,"passed_time":6.87150438,"remaining_time":62.04865895},
{"learn":[0.6035492466],"iteration":67,"passed_time":6.974763639,"remaining_time":61.95231233},
{"learn":[0.6034905679],"iteration":68,"passed_time":7.083239305,"remaining_time":61.90135219},
{"learn":[0.6032645307],"iteration":69,"passed_time":7.167208198,"remaining_time":61.6379905},
{"learn":[0.6031253639],"iteration":70,"passed_time":7.242204807,"remaining_time":61.30373365},
{"learn":[0.603079082],"iteration":71,"passed_time":7.352558136,"remaining_time":61.2713178},
{"learn":[0.6030330757],"iteration":72,"passed_time":7.438490053,"remaining_time":61.03637728},
{"learn":[0.6029229268],"iteration":73,"passed_time":7.560616132,"remaining_time":61.09795199},
{"learn":[0.6028254962],"iteration":74,"passed_time":7.665023235,"remaining_time":61.01358495},
{"learn":[0.6027698937],"iteration":75,"passed_time":7.778849276,"remaining_time":61.00255485},
{"learn":[0.602713924],"iteration":76,"passed_time":7.868413492,"remaining_time":60.80137698},
{"learn":[0.6025908731],"iteration":77,"passed_time":7.966606886,"remaining_time":60.66877552},
{"learn":[0.6025277406],"iteration":78,"passed_time":8.082239407,"remaining_time":60.66794896},
{"learn":[0.6024295754],"iteration":79,"passed_time":8.185476742,"remaining_time":60.57252789},
{"learn":[0.6023647441],"iteration":80,"passed_time":8.274520959,"remaining_time":60.37335663},
{"learn":[0.6022446318],"iteration":81,"passed_time":8.351552236,"remaining_time":60.09043682},
{"learn":[0.6021452728],"iteration":82,"passed_time":8.467015618,"remaining_time":60.08520722},
{"learn":[0.6020229565],"iteration":83,"passed_time":8.55084879,"remaining_time":59.85594153},
{"learn":[0.6019009617],"iteration":84,"passed_time":8.643697221,"remaining_time":59.6923561},
{"learn":[0.6017919147],"iteration":85,"passed_time":8.721174859,"remaining_time":59.42567986},
{"learn":[0.6016519673],"iteration":86,"passed_time":8.82208338,"remaining_time":59.32090549},
{"learn":[0.6015852535],"iteration":87,"passed_time":8.931193534,"remaining_time":59.270648},
{"learn":[0.6014876393],"iteration":88,"passed_time":9.040756243,"remaining_time":59.22203247},
{"learn":[0.6013923667],"iteration":89,"passed_time":9.134061887,"remaining_time":59.06693354},
{"learn":[0.601320235],"iteration":90,"passed_time":9.25041592,"remaining_time":59.0603478},
{"learn":[0.6012202332],"iteration":91,"passed_time":9.384326393,"remaining_time":59.1620577},
{"learn":[0.6011477801],"iteration":92,"passed_time":9.457067896,"remaining_time":58.87787432},
{"learn":[0.6010808826],"iteration":93,"passed_time":9.547508474,"remaining_time":58.70702019},
{"learn":[0.601033958],"iteration":94,"passed_time":9.63767308,"remaining_time":58.53618281},
{"learn":[0.6009510364],"iteration":95,"passed_time":9.745038908,"remaining_time":58.47023345},
{"learn":[0.6008643039],"iteration":96,"passed_time":9.844477791,"remaining_time":58.35644051},
{"learn":[0.6007932282],"iteration":97,"passed_time":9.926268064,"remaining_time":58.13957009},
{"learn":[0.6007405184],"iteration":98,"passed_time":10.01648799,"remaining_time":57.97421835},
{"learn":[0.6007042918],"iteration":99,"passed_time":10.10029892,"remaining_time":57.77370984},
{"learn":[0.600625273],"iteration":100,"passed_time":10.19958909,"remaining_time":57.66302347},
{"learn":[0.6005794962],"iteration":101,"passed_time":10.30161504,"remaining_time":57.56784878},
{"learn":[0.6004551597],"iteration":102,"passed_time":10.39896199,"remaining_time":57.44669292},
{"learn":[0.6003786661],"iteration":103,"passed_time":10.49254045,"remaining_time":57.30541321},
{"learn":[0.6002357343],"iteration":104,"passed_time":10.62432745,"remaining_time":57.37136821},
{"learn":[0.600142941],"iteration":105,"passed_time":10.7093658,"remaining_time":57.18397208},
{"learn":[0.6000872008],"iteration":106,"passed_time":10.7940841,"remaining_time":56.9967992},
{"learn":[0.600008182],"iteration":107,"passed_time":10.86412253,"remaining_time":56.73486208},
{"learn":[0.5999656651],"iteration":108,"passed_time":10.97480224,"remaining_time":56.68636385},
{"learn":[0.5999272806],"iteration":109,"passed_time":11.0597676,"remaining_time":56.50535811},
{"learn":[0.5998573528],"iteration":110,"passed_time":11.1538719,"remaining_time":56.37227151},
{"learn":[0.5997631821],"iteration":111,"passed_time":11.24317142,"remaining_time":56.2158571},
{"learn":[0.5996958256],"iteration":112,"passed_time":11.32774319,"remaining_time":56.03724285},
{"learn":[0.5996471103],"iteration":113,"passed_time":11.42605616,"remaining_time":55.92753805},
{"learn":[0.5995668058],"iteration":114,"passed_time":11.50224334,"remaining_time":55.71086557},
{"learn":[0.5994534429],"iteration":115,"passed_time":11.62072207,"remaining_time":55.69932302},
{"learn":[0.5993963711],"iteration":116,"passed_time":11.71126347,"remaining_time":55.55342928},
{"learn":[0.5992625303],"iteration":117,"passed_time":11.81496133,"remaining_time":55.47024215},
{"learn":[0.5992080757],"iteration":118,"passed_time":11.92230561,"remaining_time":55.40365548},
{"learn":[0.5991052732],"iteration":119,"passed_time":12.02449273,"remaining_time":55.31266654},
{"learn":[0.5990777704],"iteration":120,"passed_time":12.11316688,"remaining_time":55.15995829},
{"learn":[0.5989904869],"iteration":121,"passed_time":12.21573073,"remaining_time":55.07091724},
{"learn":[0.5989202836],"iteration":122,"passed_time":12.35878946,"remaining_time":55.16240174},
{"learn":[0.5988334133],"iteration":123,"passed_time":12.45963639,"remaining_time":55.06355437},
{"learn":[0.5988093082],"iteration":124,"passed_time":12.54725175,"remaining_time":54.90677366},
{"learn":[0.5987343298],"iteration":125,"passed_time":12.63367308,"remaining_time":54.74591666},
{"learn":[0.59867409],"iteration":126,"passed_time":12.72054703,"remaining_time":54.58817428},
{"learn":[0.5985495699],"iteration":127,"passed_time":12.80366561,"remaining_time":54.41557883},
{"learn":[0.5984581541],"iteration":128,"passed_time":12.90292158,"remaining_time":54.3122978},
{"learn":[0.5984403852],"iteration":129,"passed_time":12.97981961,"remaining_time":54.11586328},
{"learn":[0.5983649017],"iteration":130,"passed_time":13.09479621,"remaining_time":54.07850952},
{"learn":[0.598311549],"iteration":131,"passed_time":13.20212663,"remaining_time":54.00869986},
{"learn":[0.5982803272],"iteration":132,"passed_time":13.29654722,"remaining_time":53.88600717},
{"learn":[0.5982404275],"iteration":133,"passed_time":13.38770991,"remaining_time":53.75065619},
{"learn":[0.5982101698],"iteration":134,"passed_time":13.45587773,"remaining_time":53.5244914},
{"learn":[0.598135972],"iteration":135,"passed_time":13.53123721,"remaining_time":53.32899372},
{"learn":[0.5981022248],"iteration":136,"passed_time":13.60656205,"remaining_time":53.13511456},
{"learn":[0.5980137475],"iteration":137,"passed_time":13.70540215,"remaining_time":53.03394746},
{"learn":[0.5979690268],"iteration":138,"passed_time":13.80752627,"remaining_time":52.9454065},
{"learn":[0.5979350501],"iteration":139,"passed_time":13.89142692,"remaining_time":52.7874223},
{"learn":[0.5977783898],"iteration":140,"passed_time":14.01192051,"remaining_time":52.76829638},
{"learn":[0.5977629166],"iteration":141,"passed_time":14.0992814,"remaining_time":52.62407846},
{"learn":[0.5976854129],"iteration":142,"passed_time":14.1993712,"remaining_time":52.52774383},
{"learn":[0.5975992314],"iteration":143,"passed_time":14.32619058,"remaining_time":52.52936548},
{"learn":[0.597520993],"iteration":144,"passed_time":14.40614109,"remaining_time":52.35887139},
{"learn":[0.5974265469],"iteration":145,"passed_time":14.52459655,"remaining_time":52.32834099},
{"learn":[0.5972950018],"iteration":146,"passed_time":14.62054334,"remaining_time":52.21622622},
{"learn":[0.5972130444],"iteration":147,"passed_time":14.71234566,"remaining_time":52.08965626},
{"learn":[0.5971442186],"iteration":148,"passed_time":14.83612061,"remaining_time":52.07577904},
{"learn":[0.5970473849],"iteration":149,"passed_time":14.92919308,"remaining_time":51.9535919},
{"learn":[0.5970029855],"iteration":150,"passed_time":15.04390057,"remaining_time":51.90643838},
{"learn":[0.5969784213],"iteration":151,"passed_time":15.15835303,"remaining_time":51.85752352},
{"learn":[0.5968782817],"iteration":152,"passed_time":15.25893838,"remaining_time":51.76071256},
{"learn":[0.5968067469],"iteration":153,"passed_time":15.34997924,"remaining_time":51.63174836},
{"learn":[0.5966988478],"iteration":154,"passed_time":15.45155913,"remaining_time":51.53842628},
{"learn":[0.5966403987],"iteration":155,"passed_time":15.54477066,"remaining_time":51.41731834},
{"learn":[0.5965496257],"iteration":156,"passed_time":15.65476069,"remaining_time":51.35160355},
{"learn":[0.596461378],"iteration":157,"passed_time":15.76932351,"remaining_time":51.30020432},
{"learn":[0.5963670696],"iteration":158,"passed_time":15.85514901,"remaining_time":51.15529209},
{"learn":[0.5962914484],"iteration":159,"passed_time":15.9492363,"remaining_time":51.03755615},
{"learn":[0.5962448911],"iteration":160,"passed_time":16.02508363,"remaining_time":50.86222195},
{"learn":[0.5961920435],"iteration":161,"passed_time":16.1441631,"remaining_time":50.82421716},
{"learn":[0.5960441069],"iteration":162,"passed_time":16.27123871,"remaining_time":50.81018714},
{"learn":[0.5959562266],"iteration":163,"passed_time":16.38846198,"remaining_time":50.76426028},
{"learn":[0.5959263362],"iteration":164,"passed_time":16.47937424,"remaining_time":50.63662267},
{"learn":[0.5958551228],"iteration":165,"passed_time":16.55373807,"remaining_time":50.4589847},
{"learn":[0.5957992449],"iteration":166,"passed_time":16.65101512,"remaining_time":50.35187206},
{"learn":[0.5957737164],"iteration":167,"passed_time":16.72661548,"remaining_time":50.17984645},
{"learn":[0.5957214198],"iteration":168,"passed_time":16.821916,"remaining_time":50.06759613},
{"learn":[0.5955989199],"iteration":169,"passed_time":16.91337757,"remaining_time":49.94420906},
{"learn":[0.595552684],"iteration":170,"passed_time":17.01174197,"remaining_time":49.84141944},
{"learn":[0.595471553],"iteration":171,"passed_time":17.10999195,"remaining_time":49.73834868},
{"learn":[0.595408742],"iteration":172,"passed_time":17.22119123,"remaining_time":49.67268452},
{"learn":[0.5953499255],"iteration":173,"passed_time":17.33046449,"remaining_time":49.60098457},
{"learn":[0.595292716],"iteration":174,"passed_time":17.43971887,"remaining_time":49.52880159},
{"learn":[0.5952032745],"iteration":175,"passed_time":17.53445128,"remaining_time":49.41527178},
{"learn":[0.5951459273],"iteration":176,"passed_time":17.64284143,"remaining_time":49.34014976},
{"learn":[0.5951162206],"iteration":177,"passed_time":17.71807465,"remaining_time":49.17263415},
{"learn":[0.5950464765],"iteration":178,"passed_time":17.82225963,"remaining_time":49.08588826},
{"learn":[0.595013969],"iteration":179,"passed_time":17.91006304,"remaining_time":48.95417231},
{"learn":[0.5949967052],"iteration":180,"passed_time":18.00472918,"remaining_time":48.84155817},
{"learn":[0.5949728296],"iteration":181,"passed_time":18.11541845,"remaining_time":48.77228045},
{"learn":[0.5949481276],"iteration":182,"passed_time":18.20701006,"remaining_time":48.65151869},
{"learn":[0.59489101],"iteration":183,"passed_time":18.32653494,"remaining_time":48.60515789},
{"learn":[0.5948492278],"iteration":184,"passed_time":18.42203782,"remaining_time":48.49476983},
{"learn":[0.5947444968],"iteration":185,"passed_time":18.52712996,"remaining_time":48.40959764},
{"learn":[0.5946105642],"iteration":186,"passed_time":18.64193574,"remaining_time":48.34940553},
{"learn":[0.5945653384],"iteration":187,"passed_time":18.74409736,"remaining_time":48.25608043},
{"learn":[0.5945224542],"iteration":188,"passed_time":18.85342154,"remaining_time":48.18096615},
{"learn":[0.5944610665],"iteration":189,"passed_time":18.92864757,"remaining_time":48.01899016},
{"learn":[0.5943556009],"iteration":190,"passed_time":19.01995016,"remaining_time":47.89840851},
{"learn":[0.5943142319],"iteration":191,"passed_time":19.10823395,"remaining_time":47.77058488},
{"learn":[0.5942377383],"iteration":192,"passed_time":19.20464719,"remaining_time":47.66334717},
{"learn":[0.5941918698],"iteration":193,"passed_time":19.325816,"remaining_time":47.61721673},
{"learn":[0.5941345225],"iteration":194,"passed_time":19.42698375,"remaining_time":47.52139103},
{"learn":[0.5940753387],"iteration":195,"passed_time":19.52426244,"remaining_time":47.41606593},
{"learn":[0.5940246491],"iteration":196,"passed_time":19.61270343,"remaining_time":47.28951335},
{"learn":[0.5939180356],"iteration":197,"passed_time":19.72863233,"remaining_time":47.22915014},
{"learn":[0.5938777686],"iteration":198,"passed_time":19.81360324,"remaining_time":47.09464489},
{"learn":[0.5938135801],"iteration":199,"passed_time":19.91635314,"remaining_time":47.0025934},
{"learn":[0.5937736345],"iteration":200,"passed_time":20.04696146,"remaining_time":46.97571565},
{"learn":[0.5937183075],"iteration":201,"passed_time":20.15627294,"remaining_time":46.89825882},
{"learn":[0.5936638529],"iteration":202,"passed_time":20.26027151,"remaining_time":46.80821349},
{"learn":[0.5935931446],"iteration":203,"passed_time":20.36953209,"remaining_time":46.73010304},
{"learn":[0.5934878167],"iteration":204,"passed_time":20.47230738,"remaining_time":46.63691486},
{"learn":[0.5934288165],"iteration":205,"passed_time":20.58949856,"remaining_time":46.57624431},
{"learn":[0.5933810654],"iteration":206,"passed_time":20.67235713,"remaining_time":46.43790371},
{"learn":[0.5933446093],"iteration":207,"passed_time":20.78210003,"remaining_time":46.36006931},
{"learn":[0.5932922668],"iteration":208,"passed_time":20.88664533,"remaining_time":46.27041526},
{"learn":[0.5932732123],"iteration":209,"passed_time":20.99542195,"remaining_time":46.18992828},
{"learn":[0.5932301904],"iteration":210,"passed_time":21.10906725,"remaining_time":46.11981044},
{"learn":[0.5932053047],"iteration":211,"passed_time":21.20634679,"remaining_time":46.01377134},
{"learn":[0.5931468555],"iteration":212,"passed_time":21.30797541,"remaining_time":45.91718644},
{"learn":[0.5931340454],"iteration":213,"passed_time":21.39431729,"remaining_time":45.78783794},
{"learn":[0.593063337],"iteration":214,"passed_time":21.48427858,"remaining_time":45.66658285},
{"learn":[0.5929239406],"iteration":215,"passed_time":21.59314706,"remaining_time":45.58553269},
{"learn":[0.5928644354],"iteration":216,"passed_time":21.69221461,"remaining_time":45.48367578},
{"learn":[0.5928092002],"iteration":217,"passed_time":21.80557813,"remaining_time":45.41161684},
{"learn":[0.5927625511],"iteration":218,"passed_time":21.91085134,"remaining_time":45.32244593},
{"learn":[0.5926985004],"iteration":219,"passed_time":22.03481227,"remaining_time":45.2715234},
{"learn":[0.5926083243],"iteration":220,"passed_time":22.14522541,"remaining_time":45.19229258},
{"learn":[0.5925664961],"iteration":221,"passed_time":22.23241138,"remaining_time":45.06569875},
{"learn":[0.5925337591],"iteration":222,"passed_time":22.3168091,"remaining_time":44.93384434},
{"learn":[0.5925073123],"iteration":223,"passed_time":22.40277056,"remaining_time":44.80554112},
{"learn":[0.5924425729],"iteration":224,"passed_time":22.49094238,"remaining_time":44.68200553},
{"learn":[0.5924068055],"iteration":225,"passed_time":22.58558094,"remaining_time":44.57154469},
{"learn":[0.5923760428],"iteration":226,"passed_time":22.69550501,"remaining_time":44.49118824},
{"learn":[0.5923310925],"iteration":227,"passed_time":22.78244956,"remaining_time":44.36582283},
{"learn":[0.5922822853],"iteration":228,"passed_time":22.87951673,"remaining_time":44.26037515},
{"learn":[0.5922543234],"iteration":229,"passed_time":22.95496959,"remaining_time":44.11346329},
{"learn":[0.5922001902],"iteration":230,"passed_time":23.05513446,"remaining_time":44.01434761},
{"learn":[0.5921357262],"iteration":231,"passed_time":23.17121152,"remaining_time":43.94540116},
{"learn":[0.5920730529],"iteration":232,"passed_time":23.27198757,"remaining_time":43.84722121},
{"learn":[0.5920497743],"iteration":233,"passed_time":23.3717775,"remaining_time":43.74717327},
{"learn":[0.5920084971],"iteration":234,"passed_time":23.46775805,"remaining_time":43.6400437},
{"learn":[0.5919605624],"iteration":235,"passed_time":23.59145626,"remaining_time":43.58421581},
{"learn":[0.5919160712],"iteration":236,"passed_time":23.67991776,"remaining_time":43.46314019},
{"learn":[0.5918307161],"iteration":237,"passed_time":23.79942201,"remaining_time":43.39894601},
{"learn":[0.5917885207],"iteration":238,"passed_time":23.88137117,"remaining_time":43.26624986},
{"learn":[0.591745912],"iteration":239,"passed_time":23.95910954,"remaining_time":43.12639717},
{"learn":[0.5917128077],"iteration":240,"passed_time":24.07440404,"remaining_time":43.05422465},
{"learn":[0.5916398954],"iteration":241,"passed_time":24.19524302,"remaining_time":42.99154752},
{"learn":[0.5915556882],"iteration":242,"passed_time":24.34684118,"remaining_time":42.98269493},
{"learn":[0.5915435209],"iteration":243,"passed_time":24.47370719,"remaining_time":42.92928967},
{"learn":[0.5914762561],"iteration":244,"passed_time":24.59807125,"remaining_time":42.87092417},
{"learn":[0.5913897532],"iteration":245,"passed_time":24.70830007,"remaining_time":42.78754402},
{"learn":[0.5913120659],"iteration":246,"passed_time":24.81506942,"remaining_time":42.69799394},
{"learn":[0.5912737272],"iteration":247,"passed_time":24.94666306,"remaining_time":42.65074653},
{"learn":[0.5912228999],"iteration":248,"passed_time":25.05681954,"remaining_time":42.56640428},
{"learn":[0.5911102716],"iteration":249,"passed_time":25.19994146,"remaining_time":42.53750119},
{"learn":[0.5910670201],"iteration":250,"passed_time":25.29335158,"remaining_time":42.42430683},
{"learn":[0.5910120605],"iteration":251,"passed_time":25.39659029,"remaining_time":42.32765048},
{"learn":[0.5909023707],"iteration":252,"passed_time":25.56445018,"remaining_time":42.33796294},
{"learn":[0.5908352437],"iteration":253,"passed_time":25.67073746,"remaining_time":42.24554433},
{"learn":[0.5907963082],"iteration":254,"passed_time":25.77066322,"remaining_time":42.14261398},
{"learn":[0.5907419913],"iteration":255,"passed_time":25.88200576,"remaining_time":42.05825936},
{"learn":[0.590661044],"iteration":256,"passed_time":26.00330333,"remaining_time":41.98976997},
{"learn":[0.5906081505],"iteration":257,"passed_time":26.13739316,"remaining_time":41.94139832},
{"learn":[0.5905528235],"iteration":258,"passed_time":26.28101239,"remaining_time":41.9075603},
{"learn":[0.5905042919],"iteration":259,"passed_time":26.37699489,"remaining_time":41.7973919},
{"learn":[0.5904559898],"iteration":260,"passed_time":26.51062363,"remaining_time":41.74661422},
{"learn":[0.590432803],"iteration":261,"passed_time":26.63784166,"remaining_time":41.68517206},
{"learn":[0.5903924442],"iteration":262,"passed_time":26.73404721,"remaining_time":41.57500117},
{"learn":[0.5903481826],"iteration":263,"passed_time":26.83508185,"remaining_time":41.47239922},
{"learn":[0.5902982735],"iteration":264,"passed_time":26.9592297,"remaining_time":41.4053075},
{"learn":[0.5902520376],"iteration":265,"passed_time":27.06736939,"remaining_time":41.31335329},
{"learn":[0.5902262796],"iteration":266,"passed_time":27.14810863,"remaining_time":41.17971534},
{"learn":[0.5901946904],"iteration":267,"passed_time":27.2551392,"remaining_time":41.08610536},
{"learn":[0.5901717331],"iteration":268,"passed_time":27.38005723,"remaining_time":41.01919355},
{"learn":[0.590146021],"iteration":269,"passed_time":27.4885137,"remaining_time":40.92734262},
{"learn":[0.5901136972],"iteration":270,"passed_time":27.61868868,"remaining_time":40.86750613},
{"learn":[0.59007242],"iteration":271,"passed_time":27.77844802,"remaining_time":40.85065886},
{"learn":[0.5900503811],"iteration":272,"passed_time":27.88769253,"remaining_time":40.75893523},
{"learn":[0.5900150269],"iteration":273,"passed_time":28.0223171,"remaining_time":40.70394965},
{"learn":[0.5899973957],"iteration":274,"passed_time":28.14865645,"remaining_time":40.63642404},
{"learn":[0.5899589653],"iteration":275,"passed_time":28.26107507,"remaining_time":40.54849902},
{"learn":[0.5899088726],"iteration":276,"passed_time":28.38779797,"remaining_time":40.48079494},
{"learn":[0.589861351],"iteration":277,"passed_time":28.51326959,"remaining_time":40.41089287},
{"learn":[0.5898204412],"iteration":278,"passed_time":28.62143359,"remaining_time":40.3162129},
{"learn":[0.5897889439],"iteration":279,"passed_time":28.73389752,"remaining_time":40.22745652},
{"learn":[0.5896859576],"iteration":280,"passed_time":28.90793487,"remaining_time":40.22420831},
{"learn":[0.5896303551],"iteration":281,"passed_time":29.03880005,"remaining_time":40.16004263},
{"learn":[0.5896045512],"iteration":282,"passed_time":29.13227943,"remaining_time":40.04401661},
{"learn":[0.5895610242],"iteration":283,"passed_time":29.24426923,"remaining_time":39.95343825},
{"learn":[0.5894978],"iteration":284,"passed_time":29.34295685,"remaining_time":39.84464667},
{"learn":[0.5894136387],"iteration":285,"passed_time":29.48317834,"remaining_time":39.79198196},
{"learn":[0.5893668518],"iteration":286,"passed_time":29.61920092,"remaining_time":39.7330744},
{"learn":[0.5893174019],"iteration":287,"passed_time":29.76523623,"remaining_time":39.68698164},
{"learn":[0.589285124],"iteration":288,"passed_time":29.89937448,"remaining_time":39.62443053},
{"learn":[0.5892438468],"iteration":289,"passed_time":30.03542692,"remaining_time":39.56390718},
{"learn":[0.5892102374],"iteration":290,"passed_time":30.1566586,"remaining_time":39.48346022},
{"learn":[0.5891286014],"iteration":291,"passed_time":30.26949625,"remaining_time":39.39181018},
{"learn":[0.5890965072],"iteration":292,"passed_time":30.38919837,"remaining_time":39.30889482},
{"learn":[0.5890653771],"iteration":293,"passed_time":30.51445791,"remaining_time":39.23287445},
{"learn":[0.5889881489],"iteration":294,"passed_time":30.66245187,"remaining_time":39.18557408},
{"learn":[0.5889264398],"iteration":295,"passed_time":30.79086475,"remaining_time":39.11272009},
{"learn":[0.5889163386],"iteration":296,"passed_time":30.89582319,"remaining_time":39.00987777},
{"learn":[0.5888565579],"iteration":297,"passed_time":31.0320903,"remaining_time":38.94631467},
{"learn":[0.5888271267],"iteration":298,"passed_time":31.15505705,"remaining_time":38.86567318},
{"learn":[0.5887886963],"iteration":299,"passed_time":31.27743502,"remaining_time":38.78401943},
{"learn":[0.5887351141],"iteration":300,"passed_time":31.37322798,"remaining_time":38.66932751},
{"learn":[0.5886551769],"iteration":301,"passed_time":31.5155125,"remaining_time":38.61172061},
{"learn":[0.588582632],"iteration":302,"passed_time":31.61871241,"remaining_time":38.5059567},
{"learn":[0.5885318964],"iteration":303,"passed_time":31.72085116,"remaining_time":38.39892509},
{"learn":[0.5884502604],"iteration":304,"passed_time":31.87088118,"remaining_time":38.34955211},
{"learn":[0.5884300121],"iteration":305,"passed_time":31.98805407,"remaining_time":38.26022154},
{"learn":[0.5883570999],"iteration":306,"passed_time":32.1478579,"remaining_time":38.22139457},
{"learn":[0.5883116445],"iteration":307,"passed_time":32.27567275,"remaining_time":38.14397689},
{"learn":[0.5882718367],"iteration":308,"passed_time":32.37113027,"remaining_time":38.02822099},
{"learn":[0.5881993836],"iteration":309,"passed_time":32.48225873,"remaining_time":37.93089567},
{"learn":[0.5881542037],"iteration":310,"passed_time":32.59870586,"remaining_time":37.83965536},
{"learn":[0.5881204106],"iteration":311,"passed_time":32.72401883,"remaining_time":37.75848327},
{"learn":[0.5880982798],"iteration":312,"passed_time":32.83289842,"remaining_time":37.65818061},
{"learn":[0.5880492431],"iteration":313,"passed_time":32.9564998,"remaining_time":37.57460805},
{"learn":[0.5880422182],"iteration":314,"passed_time":33.07594062,"remaining_time":37.48606603},
{"learn":[0.5879830344],"iteration":315,"passed_time":33.18941136,"remaining_time":37.39060267},
{"learn":[0.5879368444],"iteration":316,"passed_time":33.31375066,"remaining_time":37.30719711},
{"learn":[0.5879138412],"iteration":317,"passed_time":33.44375727,"remaining_time":37.229843},
{"learn":[0.5878347765],"iteration":318,"passed_time":33.56046963,"remaining_time":37.13744758},
{"learn":[0.5877722409],"iteration":319,"passed_time":33.6485762,"remaining_time":37.01343382},
{"learn":[0.5877151692],"iteration":320,"passed_time":33.81595056,"remaining_time":36.97631977},
{"learn":[0.5876897325],"iteration":321,"passed_time":33.91700911,"remaining_time":36.86631425},
{"learn":[0.5876709076],"iteration":322,"passed_time":34.03302121,"remaining_time":36.77252137},
{"learn":[0.5876113105],"iteration":323,"passed_time":34.14174053,"remaining_time":36.67075835},
{"learn":[0.587566498],"iteration":324,"passed_time":34.2766302,"remaining_time":36.59689439},
{"learn":[0.5875334395],"iteration":325,"passed_time":34.3816086,"remaining_time":36.49090974},
{"learn":[0.5874948713],"iteration":326,"passed_time":34.47703855,"remaining_time":36.37485719},
{"learn":[0.5874659911],"iteration":327,"passed_time":34.58791947,"remaining_time":36.27513505},
{"learn":[0.5874406004],"iteration":328,"passed_time":34.72242005,"remaining_time":36.19996984},
{"learn":[0.5874055217],"iteration":329,"passed_time":34.86027812,"remaining_time":36.1279246},
{"learn":[0.587344134],"iteration":330,"passed_time":34.94718111,"remaining_time":36.00298718},
{"learn":[0.5873160343],"iteration":331,"passed_time":35.07003542,"remaining_time":35.91509651},
{"learn":[0.5872456933],"iteration":332,"passed_time":35.20623779,"remaining_time":35.84058441},
{"learn":[0.5872074924],"iteration":333,"passed_time":35.31754482,"remaining_time":35.74050943},
{"learn":[0.5871387584],"iteration":334,"passed_time":35.4200047,"remaining_time":35.63146741},
{"learn":[0.5870964712],"iteration":335,"passed_time":35.54445284,"remaining_time":35.54445284},
{"learn":[0.5870431185],"iteration":336,"passed_time":35.68546621,"remaining_time":35.47368302},
{"learn":[0.5870287473],"iteration":337,"passed_time":35.79496551,"remaining_time":35.37135645},
{"learn":[0.5870090499],"iteration":338,"passed_time":35.88852159,"remaining_time":35.25332652},
{"learn":[0.5869928421],"iteration":339,"passed_time":35.98386458,"remaining_time":35.13718541},
{"learn":[0.5869766802],"iteration":340,"passed_time":36.0831036,"remaining_time":35.02494807},
{"learn":[0.586937056],"iteration":341,"passed_time":36.21496352,"remaining_time":34.94426304},
{"learn":[0.5868976154],"iteration":342,"passed_time":36.3411481,"remaining_time":34.85783594},
{"learn":[0.5868747041],"iteration":343,"passed_time":36.44938006,"remaining_time":34.75406006},
{"learn":[0.5868394877],"iteration":344,"passed_time":36.57999819,"remaining_time":34.67147655},
{"learn":[0.5868073016],"iteration":345,"passed_time":36.68943561,"remaining_time":34.56865899},
{"learn":[0.5867596423],"iteration":346,"passed_time":36.78083128,"remaining_time":34.44890537},
{"learn":[0.586720064],"iteration":347,"passed_time":36.88517193,"remaining_time":34.34136697},
{"learn":[0.5866896686],"iteration":348,"passed_time":36.96950909,"remaining_time":34.21533363},
{"learn":[0.5866517891],"iteration":349,"passed_time":37.08294622,"remaining_time":34.11631052},
{"learn":[0.5866369128],"iteration":350,"passed_time":37.20569953,"remaining_time":34.02572521},
{"learn":[0.5865957734],"iteration":351,"passed_time":37.32292398,"remaining_time":33.9299309},
{"learn":[0.5865608325],"iteration":352,"passed_time":37.46464167,"remaining_time":33.85614927},
{"learn":[0.5865289219],"iteration":353,"passed_time":37.55777772,"remaining_time":33.7383427},
{"learn":[0.5864904915],"iteration":354,"passed_time":37.66403958,"remaining_time":33.63239591},
{"learn":[0.5864792883],"iteration":355,"passed_time":37.74757743,"remaining_time":33.5062766},
{"learn":[0.5864621163],"iteration":356,"passed_time":37.85625286,"remaining_time":33.40257605},
{"learn":[0.5863832811],"iteration":357,"passed_time":37.99066823,"remaining_time":33.32142409},
{"learn":[0.5863520592],"iteration":358,"passed_time":38.08335226,"remaining_time":33.20359124},
{"learn":[0.5863112412],"iteration":359,"passed_time":38.2058714,"remaining_time":33.11175521},
{"learn":[0.5862865392],"iteration":360,"passed_time":38.3284384,"remaining_time":33.01979042},
{"learn":[0.5862567407],"iteration":361,"passed_time":38.45504849,"remaining_time":32.93111887},
{"learn":[0.5862266208],"iteration":362,"passed_time":38.57493875,"remaining_time":32.83651811},
{"learn":[0.5862111017],"iteration":363,"passed_time":38.69177028,"remaining_time":32.73919023},
{"learn":[0.5861643607],"iteration":364,"passed_time":38.81070873,"remaining_time":32.64352762},
{"learn":[0.5861195941],"iteration":365,"passed_time":38.93605037,"remaining_time":32.55309129},
{"learn":[0.5860694554],"iteration":366,"passed_time":39.05325011,"remaining_time":32.45569832},
{"learn":[0.5860398406],"iteration":367,"passed_time":39.12656777,"remaining_time":32.32194729},
{"learn":[0.5860081596],"iteration":368,"passed_time":39.26004654,"remaining_time":32.23792439},
{"learn":[0.585981621],"iteration":369,"passed_time":39.3760895,"remaining_time":32.13940278},
{"learn":[0.5859355687],"iteration":370,"passed_time":39.49706156,"remaining_time":32.0447858},
{"learn":[0.5858971383],"iteration":371,"passed_time":39.63571572,"remaining_time":31.96428687},
{"learn":[0.585859167],"iteration":372,"passed_time":39.74269298,"remaining_time":31.85808365},
{"learn":[0.5858374953],"iteration":373,"passed_time":39.85439167,"remaining_time":31.75563828},
{"learn":[0.5858127015],"iteration":374,"passed_time":39.96234119,"remaining_time":31.65017422},
{"learn":[0.5857867598],"iteration":375,"passed_time":40.02742512,"remaining_time":31.51095169},
{"learn":[0.5857599916],"iteration":376,"passed_time":40.12826358,"remaining_time":31.40010015},
{"learn":[0.5857151332],"iteration":377,"passed_time":40.22012827,"remaining_time":31.28232199},
{"learn":[0.585689421],"iteration":378,"passed_time":40.30112601,"remaining_time":31.15627947},
{"learn":[0.5856570513],"iteration":379,"passed_time":40.41773508,"remaining_time":31.05783853},
{"learn":[0.5856373999],"iteration":380,"passed_time":40.54097865,"remaining_time":30.96436952},
{"learn":[0.5855959391],"iteration":381,"passed_time":40.6629483,"remaining_time":30.8697775},
{"learn":[0.5855783079],"iteration":382,"passed_time":40.75585638,"remaining_time":30.75311356},
{"learn":[0.5855267459],"iteration":383,"passed_time":40.86487768,"remaining_time":30.64865826},
{"learn":[0.5854711894],"iteration":384,"passed_time":40.96148037,"remaining_time":30.53492173},
{"learn":[0.5854283971],"iteration":385,"passed_time":41.06370651,"remaining_time":30.42544058},
{"learn":[0.5854029604],"iteration":386,"passed_time":41.17829354,"remaining_time":30.3250999},
{"learn":[0.5853609027],"iteration":387,"passed_time":41.28500393,"remaining_time":30.2189204},
{"learn":[0.5853348233],"iteration":388,"passed_time":41.39697816,"remaining_time":30.11656766},
{"learn":[0.5853103509],"iteration":389,"passed_time":41.50364777,"remaining_time":30.01032992},
{"learn":[0.5852532332],"iteration":390,"passed_time":41.59206599,"remaining_time":29.89097326},
{"learn":[0.585220588],"iteration":391,"passed_time":41.71528822,"remaining_time":29.79663444},
{"learn":[0.5851944167],"iteration":392,"passed_time":41.80510606,"remaining_time":29.67843407},
{"learn":[0.5851417987],"iteration":393,"passed_time":41.90981148,"remaining_time":29.57088221},
{"learn":[0.5851071332],"iteration":394,"passed_time":42.01884318,"remaining_time":29.46637864},
{"learn":[0.5850237066],"iteration":395,"passed_time":42.13124835,"remaining_time":29.3642034},
{"learn":[0.5849994178],"iteration":396,"passed_time":42.24885497,"remaining_time":29.26557964},
{"learn":[0.5849813734],"iteration":397,"passed_time":42.35272414,"remaining_time":29.15740305},
{"learn":[0.5849628239],"iteration":398,"passed_time":42.44124902,"remaining_time":29.03874933},
{"learn":[0.5849041452],"iteration":399,"passed_time":42.53526843,"remaining_time":28.92398253},
{"learn":[0.5848783412],"iteration":400,"passed_time":42.66559297,"remaining_time":28.8338546},
{"learn":[0.5848350439],"iteration":401,"passed_time":42.75116833,"remaining_time":28.71347127},
{"learn":[0.5848114438],"iteration":402,"passed_time":42.84202476,"remaining_time":28.59678576},
{"learn":[0.5847264101],"iteration":403,"passed_time":42.9427205,"remaining_time":28.48675519},
{"learn":[0.5846730116],"iteration":404,"passed_time":43.06541622,"remaining_time":28.3912744},
{"learn":[0.5846259492],"iteration":405,"passed_time":43.16419968,"remaining_time":28.2799929},
{"learn":[0.5845733771],"iteration":406,"passed_time":43.29098302,"remaining_time":28.18700369},
{"learn":[0.5845074438],"iteration":407,"passed_time":43.39243928,"remaining_time":28.07746071},
{"learn":[0.5844791146],"iteration":408,"passed_time":43.49748901,"remaining_time":27.97026799},
{"learn":[0.5844205736],"iteration":409,"passed_time":43.59349468,"remaining_time":27.85730635},
{"learn":[0.5843654303],"iteration":410,"passed_time":43.71401902,"remaining_time":27.75999748},
{"learn":[0.5843213523],"iteration":411,"passed_time":43.83760399,"remaining_time":27.66450737},
{"learn":[0.5842958698],"iteration":412,"passed_time":43.93264466,"remaining_time":27.55098055},
{"learn":[0.5842467413],"iteration":413,"passed_time":44.08727857,"remaining_time":27.47468085},
{"learn":[0.5842165754],"iteration":414,"passed_time":44.19909197,"remaining_time":27.37148587},
{"learn":[0.5841814967],"iteration":415,"passed_time":44.30542383,"remaining_time":27.2648762},
{"learn":[0.5841645084],"iteration":416,"passed_time":44.4035907,"remaining_time":27.15327489},
{"learn":[0.5840845253],"iteration":417,"passed_time":44.51405135,"remaining_time":27.04920824},
{"learn":[0.584065379],"iteration":418,"passed_time":44.62182674,"remaining_time":26.94348965},
{"learn":[0.5840195104],"iteration":419,"passed_time":44.73652457,"remaining_time":26.84191474},
{"learn":[0.5839477919],"iteration":420,"passed_time":44.82896817,"remaining_time":26.72700953},
{"learn":[0.5838904447],"iteration":421,"passed_time":44.94734289,"remaining_time":26.6275728},
{"learn":[0.5838309854],"iteration":422,"passed_time":45.07676905,"remaining_time":26.534552},
{"learn":[0.5838174406],"iteration":423,"passed_time":45.19270009,"remaining_time":26.43346609},
{"learn":[0.5837867238],"iteration":424,"passed_time":45.32032851,"remaining_time":26.33910857},
{"learn":[0.5837437937],"iteration":425,"passed_time":45.41242511,"remaining_time":26.22407647},
{"learn":[0.5837193672],"iteration":426,"passed_time":45.52320821,"remaining_time":26.11987356},
{"learn":[0.5836532962],"iteration":427,"passed_time":45.65234991,"remaining_time":26.02610603},
{"learn":[0.5836156004],"iteration":428,"passed_time":45.74115106,"remaining_time":25.90932333},
{"learn":[0.5835693645],"iteration":429,"passed_time":45.8612907,"remaining_time":25.81030779},
{"learn":[0.5835460859],"iteration":430,"passed_time":45.98143944,"remaining_time":25.71119932},
{"learn":[0.5834927791],"iteration":431,"passed_time":46.08126205,"remaining_time":25.60070114},
{"learn":[0.583458986],"iteration":432,"passed_time":46.20779512,"remaining_time":25.50499546},
{"learn":[0.5834456708],"iteration":433,"passed_time":46.31336171,"remaining_time":25.39764997},
{"learn":[0.5834119237],"iteration":434,"passed_time":46.42021957,"remaining_time":25.29101618},
{"learn":[0.5833731259],"iteration":435,"passed_time":46.53090392,"remaining_time":25.18645258},
{"learn":[0.5833517757],"iteration":436,"passed_time":46.6387388,"remaining_time":25.08032865},
{"learn":[0.5832919031],"iteration":437,"passed_time":46.75339198,"remaining_time":24.97783955},
{"learn":[0.583276384],"iteration":438,"passed_time":46.8629719,"remaining_time":24.8726024},
{"learn":[0.5832443816],"iteration":439,"passed_time":46.99036437,"remaining_time":24.77673758},
{"learn":[0.5832161442],"iteration":440,"passed_time":47.09099389,"remaining_time":24.66671109},
{"learn":[0.5831987885],"iteration":441,"passed_time":47.19052016,"remaining_time":24.55615303},
{"learn":[0.5831731223],"iteration":442,"passed_time":47.27939041,"remaining_time":24.44013635},
{"learn":[0.5831565931],"iteration":443,"passed_time":47.38902761,"remaining_time":24.33490607},
{"learn":[0.5831369417],"iteration":444,"passed_time":47.52819088,"remaining_time":24.2447176},
{"learn":[0.5831118724],"iteration":445,"passed_time":47.64421642,"remaining_time":24.142585},
{"learn":[0.5830880427],"iteration":446,"passed_time":47.75342172,"remaining_time":24.03695724},
{"learn":[0.5830407508],"iteration":447,"passed_time":47.86014046,"remaining_time":23.93007023},
{"learn":[0.5830337718],"iteration":448,"passed_time":47.94492837,"remaining_time":23.81229182},
{"learn":[0.5829812915],"iteration":449,"passed_time":48.07193127,"remaining_time":23.71548609},
{"learn":[0.5829567272],"iteration":450,"passed_time":48.17977633,"remaining_time":23.60915869},
{"learn":[0.5829382696],"iteration":451,"passed_time":48.30063792,"remaining_time":23.50916005},
{"learn":[0.5828855138],"iteration":452,"passed_time":48.39417124,"remaining_time":23.39585762},
{"learn":[0.5828555776],"iteration":453,"passed_time":48.51626582,"remaining_time":23.29635671},
{"learn":[0.5828329417],"iteration":454,"passed_time":48.61143944,"remaining_time":23.18391727},
{"learn":[0.5827970366],"iteration":455,"passed_time":48.71461755,"remaining_time":23.07534516},
{"learn":[0.5827620038],"iteration":456,"passed_time":48.81934459,"remaining_time":22.96752535},
{"learn":[0.5827043811],"iteration":457,"passed_time":48.93907454,"remaining_time":22.86672915},
{"learn":[0.5826519008],"iteration":458,"passed_time":49.05599327,"remaining_time":22.7645459},
{"learn":[0.5826356012],"iteration":459,"passed_time":49.13859935,"remaining_time":22.64648492},
{"learn":[0.5825935894],"iteration":460,"passed_time":49.24501245,"remaining_time":22.53947424},
{"learn":[0.582549236],"iteration":461,"passed_time":49.35401987,"remaining_time":22.43364539},
{"learn":[0.5824883533],"iteration":462,"passed_time":49.46876439,"remaining_time":22.33039257},
{"learn":[0.5824622739],"iteration":463,"passed_time":49.55940701,"remaining_time":22.2162859},
{"learn":[0.582428389],"iteration":464,"passed_time":49.67638128,"remaining_time":22.11400199},
{"learn":[0.5824087835],"iteration":465,"passed_time":49.79424506,"remaining_time":22.01204824},
{"learn":[0.5823796737],"iteration":466,"passed_time":49.89344835,"remaining_time":21.90183493},
{"learn":[0.5823552013],"iteration":467,"passed_time":49.99370238,"remaining_time":21.79212668},
{"learn":[0.5823269179],"iteration":468,"passed_time":50.10136998,"remaining_time":21.6856676},
{"learn":[0.5823160821],"iteration":469,"passed_time":50.19759355,"remaining_time":21.57428489},
{"learn":[0.582285503],"iteration":470,"passed_time":50.27846398,"remaining_time":21.45641456},
{"learn":[0.5822388539],"iteration":471,"passed_time":50.39796708,"remaining_time":21.3550708},
{"learn":[0.5822289823],"iteration":472,"passed_time":50.50965417,"remaining_time":21.2503619},
{"learn":[0.5822100655],"iteration":473,"passed_time":50.60826964,"remaining_time":21.14016327},
{"learn":[0.582159284],"iteration":474,"passed_time":50.71833566,"remaining_time":21.03476237},
{"learn":[0.5821296692],"iteration":475,"passed_time":50.84785025,"remaining_time":20.9373501},
{"learn":[0.582087336],"iteration":476,"passed_time":50.95635768,"remaining_time":20.8312154},
{"learn":[0.5820527624],"iteration":477,"passed_time":51.07729566,"remaining_time":20.73011581},
{"learn":[0.5820188775],"iteration":478,"passed_time":51.18668193,"remaining_time":20.62427894},
{"learn":[0.5819916043],"iteration":479,"passed_time":51.29155415,"remaining_time":20.51662166},
{"learn":[0.5819610252],"iteration":480,"passed_time":51.37043338,"remaining_time":20.39865442},
{"learn":[0.5819309971],"iteration":481,"passed_time":51.48192948,"remaining_time":20.29370664},
{"learn":[0.581869839],"iteration":482,"passed_time":51.60399486,"remaining_time":20.19286755},
{"learn":[0.5818407292],"iteration":483,"passed_time":51.72280425,"remaining_time":20.09067603},
{"learn":[0.5818202972],"iteration":484,"passed_time":51.8076765,"remaining_time":19.97533094},
{"learn":[0.5817964676],"iteration":485,"passed_time":51.93552023,"remaining_time":19.87655713},
{"learn":[0.5817418752],"iteration":486,"passed_time":52.05716262,"remaining_time":19.77530818},
{"learn":[0.5817035366],"iteration":487,"passed_time":52.16183672,"remaining_time":19.66757778},
{"learn":[0.5816712587],"iteration":488,"passed_time":52.28308425,"remaining_time":19.56606221},
{"learn":[0.5816261248],"iteration":489,"passed_time":52.4102493,"remaining_time":19.46666402},
{"learn":[0.5815915052],"iteration":490,"passed_time":52.54811656,"remaining_time":19.37109796},
{"learn":[0.5815141852],"iteration":491,"passed_time":52.67471955,"remaining_time":19.27123886},
{"learn":[0.5814881976],"iteration":492,"passed_time":52.75969514,"remaining_time":19.15615706},
{"learn":[0.5814474714],"iteration":493,"passed_time":52.87493574,"remaining_time":19.05210235},
{"learn":[0.5814184994],"iteration":494,"passed_time":52.98338108,"remaining_time":18.94557263},
{"learn":[0.5814003172],"iteration":495,"passed_time":53.09348989,"remaining_time":18.83962545},
{"learn":[0.5813920526],"iteration":496,"passed_time":53.19742259,"remaining_time":18.73148683},
{"learn":[0.581367121],"iteration":497,"passed_time":53.30243187,"remaining_time":18.62374126},
{"learn":[0.5813583973],"iteration":498,"passed_time":53.40632777,"remaining_time":18.51562065},
{"learn":[0.5813274968],"iteration":499,"passed_time":53.49762668,"remaining_time":18.40318358},
{"learn":[0.5812682671],"iteration":500,"passed_time":53.6153551,"remaining_time":18.29985174},
{"learn":[0.5812483402],"iteration":501,"passed_time":53.70219257,"remaining_time":18.18600147},
{"learn":[0.5812258421],"iteration":502,"passed_time":53.81383457,"remaining_time":18.08059253},
{"learn":[0.5811998545],"iteration":503,"passed_time":53.9015352,"remaining_time":17.9671784},
{"learn":[0.5811861719],"iteration":504,"passed_time":53.99703405,"remaining_time":17.85644492},
{"learn":[0.5811355742],"iteration":505,"passed_time":54.08688252,"remaining_time":17.74391798},
{"learn":[0.5811201469],"iteration":506,"passed_time":54.18973005,"remaining_time":17.63571096},
{"learn":[0.5810845631],"iteration":507,"passed_time":54.3217193,"remaining_time":17.536933},
{"learn":[0.5810651872],"iteration":508,"passed_time":54.46010667,"remaining_time":17.44007345},
{"learn":[0.5810273537],"iteration":509,"passed_time":54.57484813,"remaining_time":17.33554},
{"learn":[0.5810094011],"iteration":510,"passed_time":54.68474231,"remaining_time":17.22943936},
{"learn":[0.5809624305],"iteration":511,"passed_time":54.76657789,"remaining_time":17.11455559},
{"learn":[0.580938555],"iteration":512,"passed_time":54.86565644,"remaining_time":17.00514498},
{"learn":[0.5809298772],"iteration":513,"passed_time":54.95778099,"remaining_time":16.89363696},
{"learn":[0.5808937424],"iteration":514,"passed_time":55.06629648,"remaining_time":16.78720106},
{"learn":[0.5808821261],"iteration":515,"passed_time":55.16443672,"remaining_time":16.6776204},
{"learn":[0.5808609595],"iteration":516,"passed_time":55.2729885,"remaining_time":16.57120545},
{"learn":[0.5808348341],"iteration":517,"passed_time":55.3875783,"remaining_time":16.46657733},
{"learn":[0.5808066426],"iteration":518,"passed_time":55.51490684,"remaining_time":16.36566618},
{"learn":[0.580787634],"iteration":519,"passed_time":55.63682718,"remaining_time":16.26307256},
{"learn":[0.5807563203],"iteration":520,"passed_time":55.74903033,"remaining_time":16.15758844},
{"learn":[0.5807290012],"iteration":521,"passed_time":55.85415739,"remaining_time":16.05004523},
{"learn":[0.5807149054],"iteration":522,"passed_time":55.95703201,"remaining_time":15.94186954},
{"learn":[0.5806958509],"iteration":523,"passed_time":56.03484828,"remaining_time":15.82663654},
{"learn":[0.5806260609],"iteration":524,"passed_time":56.17654368,"remaining_time":15.72943223},
{"learn":[0.5805997518],"iteration":525,"passed_time":56.30120408,"remaining_time":15.62733041},
{"learn":[0.5805620101],"iteration":526,"passed_time":56.41986873,"remaining_time":15.52349329},
{"learn":[0.5805481439],"iteration":527,"passed_time":56.54392935,"remaining_time":15.42107164},
{"learn":[0.5805176108],"iteration":528,"passed_time":56.66455815,"remaining_time":15.31764048},
{"learn":[0.580499796],"iteration":529,"passed_time":56.74316434,"remaining_time":15.20288554},
{"learn":[0.5804649928],"iteration":530,"passed_time":56.83082872,"remaining_time":15.09067203},
{"learn":[0.5804426324],"iteration":531,"passed_time":56.91644544,"remaining_time":14.97801196},
{"learn":[0.5804312915],"iteration":532,"passed_time":57.01461305,"remaining_time":14.86872648},
{"learn":[0.5804077374],"iteration":533,"passed_time":57.12039449,"remaining_time":14.76145026},
{"learn":[0.5803766992],"iteration":534,"passed_time":57.23142705,"remaining_time":14.65552431},
{"learn":[0.5803576446],"iteration":535,"passed_time":57.32818909,"remaining_time":14.54595843},
{"learn":[0.5802754577],"iteration":536,"passed_time":57.45884548,"remaining_time":14.44496115},
{"learn":[0.5802375782],"iteration":537,"passed_time":57.59003962,"remaining_time":14.34398756},
{"learn":[0.5802075042],"iteration":538,"passed_time":57.68052145,"remaining_time":14.23285594},
{"learn":[0.5801633804],"iteration":539,"passed_time":57.78638503,"remaining_time":14.12556079},
{"learn":[0.5801419842],"iteration":540,"passed_time":57.91361618,"remaining_time":14.02344495},
{"learn":[0.5801174199],"iteration":541,"passed_time":58.02594855,"remaining_time":13.91766294},
{"learn":[0.5801032783],"iteration":542,"passed_time":58.14404137,"remaining_time":13.8132253},
{"learn":[0.580044875],"iteration":543,"passed_time":58.27506577,"remaining_time":13.71178018},
{"learn":[0.580004608],"iteration":544,"passed_time":58.40776279,"remaining_time":13.61061628},
{"learn":[0.5799605301],"iteration":545,"passed_time":58.4945477,"remaining_time":13.49874178},
{"learn":[0.5799235689],"iteration":546,"passed_time":58.61638725,"remaining_time":13.39496966},
{"learn":[0.5799038715],"iteration":547,"passed_time":58.7208696,"remaining_time":13.28720407},
{"learn":[0.5798614465],"iteration":548,"passed_time":58.83036392,"remaining_time":13.18057334},
{"learn":[0.5798186083],"iteration":549,"passed_time":58.93620775,"remaining_time":13.07312245},
{"learn":[0.579813925],"iteration":550,"passed_time":59.03162039,"remaining_time":12.96338669},
{"learn":[0.5797743467],"iteration":551,"passed_time":59.12340403,"remaining_time":12.85291392},
{"learn":[0.5797265038],"iteration":552,"passed_time":59.24888137,"remaining_time":12.74975928},
{"learn":[0.5796966135],"iteration":553,"passed_time":59.35897698,"remaining_time":12.6432478},
{"learn":[0.5796581371],"iteration":554,"passed_time":59.46757412,"remaining_time":12.53640752},
{"learn":[0.5796352258],"iteration":555,"passed_time":59.59166169,"remaining_time":12.43279273},
{"learn":[0.5796264102],"iteration":556,"passed_time":59.67711734,"remaining_time":12.32112836},
{"learn":[0.5796189261],"iteration":557,"passed_time":59.77757071,"remaining_time":12.21262197},
{"learn":[0.5796107533],"iteration":558,"passed_time":59.87166817,"remaining_time":12.10285958},
{"learn":[0.5795882093],"iteration":559,"passed_time":59.99089863,"remaining_time":11.99817973},
{"learn":[0.5795657112],"iteration":560,"passed_time":60.09595419,"remaining_time":11.89064334},
{"learn":[0.5795568956],"iteration":561,"passed_time":60.18594751,"remaining_time":11.78016766},
{"learn":[0.5795068488],"iteration":562,"passed_time":60.29200644,"remaining_time":11.67287514},
{"learn":[0.5795000534],"iteration":563,"passed_time":60.37682411,"remaining_time":11.56151951},
{"learn":[0.5794607506],"iteration":564,"passed_time":60.48822902,"remaining_time":11.45529293},
{"learn":[0.579436921],"iteration":565,"passed_time":60.61910475,"remaining_time":11.35269453},
{"learn":[0.5794266361],"iteration":566,"passed_time":60.7394812,"remaining_time":11.24805207},
{"learn":[0.5794177287],"iteration":567,"passed_time":60.84344992,"remaining_time":11.14034999},
{"learn":[0.5793852672],"iteration":568,"passed_time":60.92846086,"remaining_time":11.02922929},
{"learn":[0.579375717],"iteration":569,"passed_time":61.01635681,"remaining_time":10.91871648},
{"learn":[0.579340776],"iteration":570,"passed_time":61.13692546,"remaining_time":10.81406212},
{"learn":[0.5793305371],"iteration":571,"passed_time":61.22694539,"remaining_time":10.70401143},
{"learn":[0.5793162577],"iteration":572,"passed_time":61.33444762,"remaining_time":10.59705116},
{"learn":[0.5792785619],"iteration":573,"passed_time":61.42842804,"remaining_time":10.4877804},
{"learn":[0.5792536762],"iteration":574,"passed_time":61.55968586,"remaining_time":10.38485135},
{"learn":[0.5792429322],"iteration":575,"passed_time":61.63875977,"remaining_time":10.27312663},
{"learn":[0.579224796],"iteration":576,"passed_time":61.76549749,"remaining_time":10.16936267},
{"learn":[0.5792165314],"iteration":577,"passed_time":61.85945818,"remaining_time":10.0601887},
{"learn":[0.5791950893],"iteration":578,"passed_time":61.98229848,"remaining_time":9.955705974},
{"learn":[0.579184483],"iteration":579,"passed_time":62.10202167,"remaining_time":9.850665506},
{"learn":[0.5791521133],"iteration":580,"passed_time":62.21392987,"remaining_time":9.744350462},
{"learn":[0.5791423794],"iteration":581,"passed_time":62.32345445,"remaining_time":9.637647595},
{"learn":[0.5791008268],"iteration":582,"passed_time":62.42659577,"remaining_time":9.52996059},
{"learn":[0.5790818641],"iteration":583,"passed_time":62.52937882,"remaining_time":9.422235164},
{"learn":[0.5790634065],"iteration":584,"passed_time":62.64766738,"remaining_time":9.316832585},
{"learn":[0.5790539022],"iteration":585,"passed_time":62.75186785,"remaining_time":9.20931849},
{"learn":[0.5790178134],"iteration":586,"passed_time":62.85567066,"remaining_time":9.101758102},
{"learn":[0.5789853977],"iteration":587,"passed_time":62.94877745,"remaining_time":8.992682493},
{"learn":[0.5789722662],"iteration":588,"passed_time":63.04345895,"remaining_time":8.88388301},
{"learn":[0.5789378762],"iteration":589,"passed_time":63.15723463,"remaining_time":8.777785152},
{"learn":[0.5789163882],"iteration":590,"passed_time":63.27939728,"remaining_time":8.672810795},
{"learn":[0.5788817687],"iteration":591,"passed_time":63.38665353,"remaining_time":8.56576399},
{"learn":[0.5788592706],"iteration":592,"passed_time":63.4923196,"remaining_time":8.458504635},
{"learn":[0.57883489],"iteration":593,"passed_time":63.60300785,"remaining_time":8.351910121},
{"learn":[0.5788178098],"iteration":594,"passed_time":63.71051158,"remaining_time":8.244889734},
{"learn":[0.5788109226],"iteration":595,"passed_time":63.80240281,"remaining_time":8.135876868},
{"learn":[0.5787881031],"iteration":596,"passed_time":63.90662781,"remaining_time":8.02847083},
{"learn":[0.5787741451],"iteration":597,"passed_time":64.03382348,"remaining_time":7.923917956},
{"learn":[0.5787278173],"iteration":598,"passed_time":64.13385003,"remaining_time":7.815978384},
{"learn":[0.5786958608],"iteration":599,"passed_time":64.24524643,"remaining_time":7.709429572},
{"learn":[0.5786734545],"iteration":600,"passed_time":64.33463061,"remaining_time":7.600264182},
{"learn":[0.5786549051],"iteration":601,"passed_time":64.42442597,"remaining_time":7.491212322},
{"learn":[0.5786381922],"iteration":602,"passed_time":64.54645977,"remaining_time":7.385913307},
{"learn":[0.5786181276],"iteration":603,"passed_time":64.65586565,"remaining_time":7.279137192},
{"learn":[0.5785974201],"iteration":604,"passed_time":64.7617622,"remaining_time":7.171963747},
{"learn":[0.5785859415],"iteration":605,"passed_time":64.87567552,"remaining_time":7.065667631},
{"learn":[0.5785623873],"iteration":606,"passed_time":64.98014023,"remaining_time":6.958334621},
{"learn":[0.5785359865],"iteration":607,"passed_time":65.10392759,"remaining_time":6.85304501},
{"learn":[0.5785220285],"iteration":608,"passed_time":65.22252828,"remaining_time":6.747158098},
{"learn":[0.5785128915],"iteration":609,"passed_time":65.3265598,"remaining_time":6.639748701},
{"learn":[0.5784980611],"iteration":610,"passed_time":65.45878327,"remaining_time":6.535164942},
{"learn":[0.578469135],"iteration":611,"passed_time":65.55102012,"remaining_time":6.4265706},
{"learn":[0.5784515497],"iteration":612,"passed_time":65.65830721,"remaining_time":6.319478181},
{"learn":[0.5784259294],"iteration":613,"passed_time":65.76775952,"remaining_time":6.212589661},
{"learn":[0.5783959013],"iteration":614,"passed_time":65.88012637,"remaining_time":6.105962932},
{"learn":[0.578359583],"iteration":615,"passed_time":66.00210494,"remaining_time":6.000191358},
{"learn":[0.5783349728],"iteration":616,"passed_time":66.13297883,"remaining_time":5.895160187},
{"learn":[0.5783032918],"iteration":617,"passed_time":66.23089305,"remaining_time":5.787165412},
{"learn":[0.5782860279],"iteration":618,"passed_time":66.34170314,"remaining_time":5.680307377},
{"learn":[0.5782329967],"iteration":619,"passed_time":66.4588797,"remaining_time":5.573970555},
{"learn":[0.5782008106],"iteration":620,"passed_time":66.57825057,"remaining_time":5.467779033},
{"learn":[0.5781835008],"iteration":621,"passed_time":66.69456352,"remaining_time":5.361299319},
{"learn":[0.5781539778],"iteration":622,"passed_time":66.79641104,"remaining_time":5.253650307},
{"learn":[0.5781109559],"iteration":623,"passed_time":66.90579109,"remaining_time":5.146599315},
{"learn":[0.5780917636],"iteration":624,"passed_time":67.01342594,"remaining_time":5.039409631},
{"learn":[0.5780687146],"iteration":625,"passed_time":67.12788739,"remaining_time":4.93272016},
{"learn":[0.5780345082],"iteration":626,"passed_time":67.2341631,"remaining_time":4.825418404},
{"learn":[0.5780162343],"iteration":627,"passed_time":67.33000097,"remaining_time":4.717388603},
{"learn":[0.5780003938],"iteration":628,"passed_time":67.4101622,"remaining_time":4.608325874},
{"learn":[0.577982028],"iteration":629,"passed_time":67.49988009,"remaining_time":4.499992006},
{"learn":[0.5779580606],"iteration":630,"passed_time":67.6138978,"remaining_time":4.393296053},
{"learn":[0.5779434139],"iteration":631,"passed_time":67.73036656,"remaining_time":4.28673206},
{"learn":[0.5779313843],"iteration":632,"passed_time":67.82879464,"remaining_time":4.179025262},
{"learn":[0.5779046161],"iteration":633,"passed_time":67.93074491,"remaining_time":4.071558843},
{"learn":[0.5778812915],"iteration":634,"passed_time":68.04025294,"remaining_time":3.964550171},
{"learn":[0.5778652674],"iteration":635,"passed_time":68.17286832,"remaining_time":3.858841603},
{"learn":[0.5778469016],"iteration":636,"passed_time":68.26565113,"remaining_time":3.750859952},
{"learn":[0.5778409786],"iteration":637,"passed_time":68.36597762,"remaining_time":3.643327961},
{"learn":[0.5778256891],"iteration":638,"passed_time":68.47317954,"remaining_time":3.536173591},
{"learn":[0.5777970384],"iteration":639,"passed_time":68.58339746,"remaining_time":3.429169873},
{"learn":[0.5777744944],"iteration":640,"passed_time":68.6815837,"remaining_time":3.321574251},
{"learn":[0.5777561286],"iteration":641,"passed_time":68.78898278,"remaining_time":3.214438448},
{"learn":[0.5777459356],"iteration":642,"passed_time":68.88344554,"remaining_time":3.106718384},
{"learn":[0.57771779],"iteration":643,"passed_time":68.98029684,"remaining_time":2.999143341},
{"learn":[0.5776952],"iteration":644,"passed_time":69.08014992,"remaining_time":2.891727206},
{"learn":[0.57765654],"iteration":645,"passed_time":69.2023745,"remaining_time":2.785234887},
{"learn":[0.5776080543],"iteration":646,"passed_time":69.30264762,"remaining_time":2.677845735},
{"learn":[0.5775902854],"iteration":647,"passed_time":69.43828121,"remaining_time":2.571788193},
{"learn":[0.5775634713],"iteration":648,"passed_time":69.54328939,"remaining_time":2.46455417},
{"learn":[0.5775586503],"iteration":649,"passed_time":69.65771644,"remaining_time":2.357645787},
{"learn":[0.5775257296],"iteration":650,"passed_time":69.75296673,"remaining_time":2.250095701},
{"learn":[0.5775152151],"iteration":651,"passed_time":69.85663382,"remaining_time":2.142841528},
{"learn":[0.5774876205],"iteration":652,"passed_time":69.99165107,"remaining_time":2.036510521},
{"learn":[0.5774530469],"iteration":653,"passed_time":70.08779201,"remaining_time":1.929021798},
{"learn":[0.5774205853],"iteration":654,"passed_time":70.18547469,"remaining_time":1.82160774},
{"learn":[0.5774063518],"iteration":655,"passed_time":70.29635454,"remaining_time":1.714545233},
{"learn":[0.577400383],"iteration":656,"passed_time":70.39473854,"remaining_time":1.607185811},
{"learn":[0.577393909],"iteration":657,"passed_time":70.49436904,"remaining_time":1.499880192},
{"learn":[0.5773808693],"iteration":658,"passed_time":70.60918169,"remaining_time":1.392897363},
{"learn":[0.5773700335],"iteration":659,"passed_time":70.7048164,"remaining_time":1.285542116},
{"learn":[0.5773373883],"iteration":660,"passed_time":70.82452193,"remaining_time":1.178622907},
{"learn":[0.5773091049],"iteration":661,"passed_time":70.91472655,"remaining_time":1.071219434},
{"learn":[0.5772919788],"iteration":662,"passed_time":71.02758249,"remaining_time":0.9641753279},
{"learn":[0.5772782504],"iteration":663,"passed_time":71.14100024,"remaining_time":0.8571204848},
{"learn":[0.5772572215],"iteration":664,"passed_time":71.26482471,"remaining_time":0.7501560496},
{"learn":[0.5772433553],"iteration":665,"passed_time":71.35519736,"remaining_time":0.6428396159},
{"learn":[0.5772173677],"iteration":666,"passed_time":71.46006788,"remaining_time":0.5356826677},
{"learn":[0.5771845848],"iteration":667,"passed_time":71.56479661,"remaining_time":0.4285317162},
{"learn":[0.5771676423],"iteration":668,"passed_time":71.68134442,"remaining_time":0.3214410064},
{"learn":[0.5771581839],"iteration":669,"passed_time":71.7610185,"remaining_time":0.2142119955},
{"learn":[0.5771558882],"iteration":670,"passed_time":71.84055079,"remaining_time":0.1070649043},
{"learn":[0.5771370173],"iteration":671,"passed_time":71.92125164,"remaining_time":0}
]}